area,state,ratecenter,numbers
201202,NJ,HACKENSACK,134
201219,NJ,JERSEYCITY,248
201382,NJ,HACKENSACK,9
201495,NJ,HACKENSACK,2114
201502,NJ,JERSEYCITY,2
201517,NJ,JERSEYCITY,6
201534,NJ,WESTWOOD,1
201545,NJ,CLIFFSIDE,8
201570,NJ,HACKENSACK,13
201607,NJ,HACKENSACK,4
201698,NJ,NEWARK,3
201901,NJ,HACKENSACK,1
201979,NJ,JERSEYCITY,4
202206,DC,WSHNGTNZN1,111
202214,DC,WSHNGTNZN1,3
202259,DC,WSHNGTNZN1,5158
202405,DC,WSHNGTNZN1,4636
202592,DC,WSHNGTNZN1,25
202605,DC,WSHNGTNZN1,8
202801,DC,WSHNGTNZN1,3074
202825,DC,WSHNGTNZN1,10
202837,DC,WSHNGTNZN1,21
202859,DC,WSHNGTNZN1,2
202896,DC,WSHNGTNZN1,21
202917,DC,WSHNGTNZN1,3
202928,DC,WSHNGTNZN1,8
202947,DC,WSHNGTNZN1,2
203201,CT,NEW HAVEN,23
203279,CT,BRIDGEPORT,41
203282,CT,STAMFORD,26
203289,CT,DANBURY,377
203342,CT,BRIDGEPORT,3
203398,CT,NORWALK,7
203477,CT,NEW HAVEN,110
203593,CT,NORWALK,7
203835,CT,NORWALK,72
203839,CT,NORWALK,289
205501,AL,BIRMINGHAM,2
205513,AL,BIRMINGHAM,197
205550,AL,TUSCALOOSA,258
205630,AL,TUSCALOOSA,3
205676,AL,BIRMINGHAM,202
205692,AL,BIRMINGHAM,91
205770,AL,BIRMINGHAM,10
205804,AL,BIRMINGHAM,38
205805,AL,BIRMINGHAM,35
205806,AL,BIRMINGHAM,50
205816,AL,BIRMINGHAM,40
205817,AL,BIRMINGHAM,49
205818,AL,BIRMINGHAM,107
205819,AL,BIRMINGHAM,48
205865,AL,BIRMINGHAM,23
205867,AL,BIRMINGHAM,11
205869,AL,BIRMINGHAM,113
205888,AL,BIRMINGHAM,342
205889,AL,BIRMINGHAM,1362
205897,AL,BIRMINGHAM,2
205906,AL,BIRMINGHAM,2
205954,AL,BIRMINGHAM,388
206314,WA,SEATTLE,6095
206534,WA,SEATTLE,28
206540,WA,SEATTLE,2949
206541,WA,SEATTLE,455
206559,WA,SEATTLE,478
206560,WA,SEATTLE,58
206563,WA,SEATTLE,1
206642,WA,SEATTLE,2
206645,WA,SEATTLE,90
206648,WA,SEATTLE,1
206663,WA,SEATTLE,182
206680,WA,SEATTLE,253
206738,WA,SEATTLE,0
206807,WA,SEATTLE,1
206810,WA,SEATTLE,30
206907,WA,SEATTLE,15
206916,WA,SEATTLE,4
206917,WA,SEATTLE,1
206918,WA,SEATTLE,6
206955,WA,SEATTLE,34
206975,WA,SEATTLE,1
206977,WA,SEATTLE,23
206978,WA,SEATTLE,2
206980,WA,SEATTLE,2
206986,WA,SEATTLE,166
206989,WA,SEATTLE,146
206994,WA,SEATTLE,317
206996,WA,SEATTLE,29
209397,CA,STOCKTON,2
210285,TX,SANANTONIO,7
210513,TX,SANANTONIO,755
210553,TX,SANANTONIO,27
210578,TX,SANANTONIO,1
210594,TX,SANANTONIO,3
210603,TX,SANANTONIO,34
210604,TX,SANANTONIO,23
210613,TX,SANANTONIO,16
210713,TX,SANANTONIO,9
210746,TX,SANANTONIO,11
210747,TX,SANANTONIO,3
210752,TX,SANANTONIO,9
210754,TX,SANANTONIO,8
210755,TX,SANANTONIO,0
210759,TX,SANANTONIO,1
210786,TX,SANANTONIO,1
210813,TX,SANANTONIO,13
210869,TX,SANANTONIO,6
210917,TX,SANANTONIO,2
213203,CA,LSAN DA 01,487
213206,CA,LSAN DA 01,41
213208,CA,CMTN GRDN,2021
213209,CA,LSAN DA 01,1048
213287,CA,LSAN DA 01,38
213303,CA,LSAN DA 01,13
213350,CA,LSAN DA 01,8
213360,CA,LSAN DA 01,4
213470,CA,LSAN DA 01,4
213506,CA,LSAN DA 01,8
213698,CA,LSAN DA 01,1
213701,CA,LSAN DA 01,30
213704,CA,LSAN DA 01,29
213707,CA,LSAN DA 01,2
213717,CA,LSAN DA 01,77
213812,CA,LSAN DA 01,2
213813,CA,LSAN DA 01,6
213919,CA,LSAN DA 01,198
213961,CA,LSAN DA 01,4
213963,CA,LSAN DA 01,3
213968,CA,LSAN DA 01,3
213990,CA,LSAN DA 01,12
213991,CA,LSAN DA 01,1
214246,TX,GRANDPRARI,630
214248,TX,GRANDPRARI,991
214249,TX,GRANDPRARI,2
214322,TX,GRANDPRARI,6
214344,TX,GRANDPRARI,4358
214359,TX,GRANDPRARI,182
214362,TX,GRANDPRARI,111
214401,TX,GRANDPRARI,6
214439,TX,GRANDPRARI,99
214510,TX,GRANDPRARI,545
214512,TX,GRANDPRARI,1122
214588,TX,GRANDPRARI,1495
214595,TX,GRANDPRARI,17
214737,TX,GRANDPRARI,39
214759,TX,GRANDPRARI,755
214781,TX,GRANDPRARI,10
214786,TX,GRANDPRARI,7984
214798,TX,GRANDPRARI,4
214804,TX,GRANDPRARI,2
214805,TX,GRANDPRARI,1
214813,TX,GRANDPRARI,1
214822,TX,GRANDPRARI,842
214825,TX,GRANDPRARI,8
214829,TX,GRANDPRARI,1
214832,TX,GRANDPRARI,1
214834,TX,GRANDPRARI,10
214835,TX,GRANDPRARI,3
214839,TX,GRANDPRARI,1
214847,TX,GRANDPRARI,3
214848,TX,GRANDPRARI,1
214852,TX,GRANDPRARI,2
214877,TX,GRANDPRARI,4
214895,TX,GRANDPRARI,3
214896,TX,GRANDPRARI,2
214899,TX,GRANDPRARI,1
214913,TX,GRANDPRARI,58
214925,TX,GRANDPRARI,1
214992,TX,GRANDPRARI,87
214993,TX,GRANDPRARI,6
215212,PA,PHLDLPHZN1,6
215213,PA,PHLDLPHZN1,56
215217,PA,PHLDLPHZN1,3
215265,PA,PHLDLPHZN1,2965
215270,PA,PHLDLPHZN4,41
215296,PA,PHPHSBZN40,13
215306,PA,PHLDLPHZN1,181
215308,PA,PHLDLPHZN1,274
215312,PA,PHLDLPHZN1,61
215314,PA,PHLDLPHZN1,38
215319,PA,PHLDLPHZN1,14
215363,PA,PHLDLPHZN1,1873
215373,PA,PHLDLPHZN1,10
215374,PA,PHLDLPHZN1,9
215401,PA,PHLDLPHZN1,41
215404,PA,PHLDLPHZN1,8
215414,PA,PHLDLPHZN1,15
215415,PA,PHLDLPHZN1,16
215505,PA,PHLDLPHZN1,11
215506,PA,PHLDLPHZN1,56
215507,PA,PHLDLPHZN1,1
215522,PA,PHPHSBZN38,5
215524,PA,PHLDLPHZN1,12
215577,PA,PHLDLPHZN2,219
215691,PA,PHLDLPHZN1,14
215705,PA,PHLDLPHZN4,6
215719,PA,PHLDLPHZN1,17
215759,PA,DOYLESTOWN,3
215810,PA,PHLDLPHZN2,2
215812,PA,PHLDLPHZN1,417
215818,PA,PHPHSBZN40,182
215819,PA,PHLDLPHZN1,102
215838,PA,PHLDLPHZN1,6
215865,PA,PHLDLPHZN1,106
215889,PA,PHPHSBZN42,28
215894,PA,PHLDLPHZN2,218
215899,PA,PHLDLPHZN2,31
215905,PA,PHLDLPHZN1,8
215916,PA,PHLDLPHZN1,1
215998,PA,PHLDLPHZN1,12
216207,OH,CLEVELAND,7783
216275,OH,INDEPNDNCE,30
216388,OH,CLEVELAND,216
216437,OH,CLEVELAND,12
216517,OH,CLEVELAND,21
216552,OH,CLEVELAND,26
216557,OH,CLEVELAND,3
216568,OH,CLEVELAND,6
216590,OH,TERRACE,5
216596,OH,CLEVELAND,25
216597,OH,CLEVELAND,5
216648,OH,CLEVELAND,2
216690,OH,TERRACE,52
216705,OH,CLEVELAND,139
216728,OH,CLEVELAND,12
216768,OH,CLEVELAND,14
216790,OH,CLEVELAND,110
216806,OH,CLEVELAND,5
216807,OH,CLEVELAND,1
216817,OH,CLEVELAND,5
216818,OH,CLEVELAND,39
216819,OH,CLEVELAND,50
216840,OH,CLEVELAND,3
216850,OH,CLEVELAND,131
216880,OH,TERRACE,230
216890,OH,CLEVELAND,7
216982,OH,CLEVELAND,7
219717,IN,MERRILLVL,52
219770,IN,CROWNPOINT,23
225212,LA,BATONROUGE,117
225233,LA,BATONROUGE,10
225322,LA,BATONROUGE,46
225352,LA,BATONROUGE,7
225373,LA,BATONROUGE,4
225660,LA,BATONROUGE,349
225909,LA,BATONROUGE,6
225934,LA,BATONROUGE,91
225951,LA,BATONROUGE,20
225979,LA,BATONROUGE,8
228208,MS,BILOXI,60
228210,MS,PASCAGOULA,3
228516,MS,GULFPORT,1
228808,MS,GULFPORT,2
228850,MS,GULFPORT,6
228851,MS,GULFPORT,1
228880,MS,GULFPORT,4
228883,MS,GULFPORT,1
231204,MI,FIFE LAKE,3
231214,MI,LE ROY,2
231255,MI,ONEKAMA,153
231315,MI,MUSKEGON,6
231317,MI,BOYNE CITY,322
231318,MI,TRAVERSECY,2950
231336,MI,LUDINGTON,2
231593,MI,CADILLAC,330
231596,MI,HARBOR SPG,3
231604,MI,KALKASKA,11
231605,MI,NEWAYGO,1
231606,MI,BIG RAPIDS,4
231608,MI,FRANKFORT,10
231704,MI,FREESOIL,1
248261,MI,PONTIAC,4
248272,MI,PONTIAC,131
248316,MI,ROYAL OAK,1
248317,MI,ROYAL OAK,1
248337,MI,SOUTHFIELD,3
248401,MI,ROYAL OAK,2
248405,MI,ROYAL OAK,2
248578,MI,NORTHVILLE,6
248580,MI,PONTIAC,2
248604,MI,SOUTHFIELD,13
248610,MI,PONTIAC,8
248868,MI,SOUTHFIELD,4
248908,MI,PONTIAC,3
248966,MI,SOUTHFIELD,5
251352,AL,MOBILE,31
251371,AL,MOBILE,3
251417,AL,MOBILE,1
251568,AL,MOBILE,82
251582,AL,MOBILE,633
251617,AL,MOBILE,1
251698,AL,MOBILE,1
252282,NC,KINSTON,16
252383,NC,GREENVILLE,97
252434,NC,HENDERSON,10
252487,NC,ROCKYMOUNT,59
252488,NC,ROANOKERPD,5
252498,NC,WILSON,56
253233,WA,TACOMA,43
253291,WA,TACOMA,465
253309,WA,TACOMA,20
253415,WA,TACOMA,138
253416,WA,TACOMA,340
253687,WA,TACOMA,21
253903,WA,TACOMA,28
254225,TX,WACO,5
254762,TX,TEMPLE,2629
254808,TX,WACO,29
256209,AL,GADSDEN,2
256219,AL,HUNTSVILLE,23
256271,AL,HUNTSVILLE,1
256416,AL,DECATUR,1
256433,AL,HUNTSVILLE,3
256707,AL,HUNTSVILLE,54
256720,AL,HUNTSVILLE,136
256855,AL,HUNTSVILLE,5
256920,AL,HUNTSVILLE,8
260401,IN,FORT WAYNE,538
260430,IN,FORT WAYNE,71
260698,IN,FORT WAYNE,2
262231,WI,LAKEGENEVA,257
262319,WI,PTWASHIGTN,207
262322,WI,LAKEGENEVA,13
262428,WI,WEST BEND,700
262451,WI,WAUKESHA,885
269212,MI,KALAMAZOO,205
269239,MI,MIDDLEVL,2
269306,MI,THREERIVRS,79
269407,MI,NILES,1
269410,MI,BATTLE CRK,337
269413,MI,KALAMAZOO,52
269577,MI,KALAMAZOO,4
269658,MI,BENTON HBR,48
269803,MI,ALLEGAN,67
269905,MI,BATTLE CRK,60
270742,KY,PADUCAH,23
281266,TX,HOUSTON,112
281267,TX,HOUSTON,55
281268,TX,HOUSTON,23
281270,TX,HOUSTON,1
281349,TX,HSTNSUBURB,297
281418,TX,HOUSTON,4
281439,TX,HOUSTON,72
281472,TX,HOUSTON,7
281473,TX,HOUSTON,1
281510,TX,HOUSTON,3
281527,TX,HOUSTON,96
281551,TX,BAMMEL,200
281613,TX,HOUSTON,3
281621,TX,HOUSTON,36
281625,TX,HOUSTON,2
281629,TX,HOUSTON,1
281718,TX,HOUSTON,3
281722,TX,HOUSTON,1
281735,TX,HOUSTON,392
281952,TX,HOUSTON,2186
281963,TX,HOUSTON,58
281981,TX,HOUSTON,48
301207,MD,WSNG236Z13,1210
301224,MD,WSHNGTNZN2,370
301303,MD,WSNG236Z13,3
301308,MD,WSNG236Z13,1
301406,MD,WSHNGTNZN2,4
301506,MD,WSNG236Z13,4
301510,MD,WSNG236Z13,4
301553,MD,WALDORF,150
301554,MD,WSHNGTNZN2,2
301558,MD,WSNG236Z13,1
302243,DE,WILMINGTON,3
302247,DE,WILMINGTON,88
302431,DE,WILMINGTON,8
302435,DE,WILMINGTON,11
302474,DE,WILMINGTON,7
302637,DE,WILMINGTON,4
303201,CO,DENVER,1451
303206,CO,DENVER,330
303207,CO,DENVER,92
303208,CO,DENVER,284
303213,CO,DENVER,2
303230,CO,DENVER,11
303240,CO,DENVER,2
303251,CO,DENVER,6
303266,CO,DENVER,4787
303461,CO,DENVER,84
303490,CO,DENVER,3
303540,CO,DENVER,52
303553,CO,DENVER,7
303560,CO,DENVER,1
303599,CO,DENVER,4
303609,CO,DENVER,11
303610,CO,DENVER,22
303612,CO,DENVER,5
303613,CO,DENVER,8
303686,CO,DENVER,4
303687,CO,DENVER,31
303760,CO,DENVER,67
303821,CO,DENVER,14
303826,CO,DENVER,85
303851,CO,DENVER,79
303852,CO,DENVER,41
303855,CO,DENVER,77
303878,CO,DENVER,1
303879,CO,DENVER,5
303890,CO,DENVER,84
303891,CO,DENVER,62
303897,CO,DENVER,492
305208,FL,MIAMI,60
305212,FL,MIAMI,3505
305272,FL,MIAMI,74
305276,FL,MIAMI,229
305277,FL,MIAMI,2180
305287,FL,MIAMI,74
305288,FL,MIAMI,8
305291,FL,MIAMI,61
305312,FL,MIAMI,56
305313,FL,MIAMI,2
305314,FL,MIAMI,10
305315,FL,MIAMI,1
305352,FL,MIAMI,469
305353,FL,MIAMI,7
305366,FL,MIAMI,32
305368,FL,MIAMI,7
305369,FL,MIAMI,2
305483,FL,MIAMI,141
305540,FL,MIAMI,1
305543,FL,MIAMI,11
305544,FL,MIAMI,6
305583,FL,MIAMI,4
305601,FL,MIAMI,72
305641,FL,MIAMI,17
305729,FL,MIAMI,16
305730,FL,MIAMI,17
305732,FL,MIAMI,77
305734,FL,MIAMI,9
305736,FL,MIAMI,20
305737,FL,MIAMI,10
305738,FL,MIAMI,24
305750,FL,MIAMI,445
305806,FL,MIAMI,8
305837,FL,MIAMI,22
305838,FL,MIAMI,6
305839,FL,MIAMI,4
305840,FL,MIAMI,1
305841,FL,MIAMI,22
305843,FL,MIAMI,2
305844,FL,MIAMI,8
305855,FL,MIAMI,342
305862,FL,MIAMI,1
305880,FL,MIAMI,41
305881,FL,MIAMI,109
305886,FL,MIAMI,8
305955,FL,MIAMI,2
305966,FL,MIAMI,11
305996,FL,MIAMI,35
305997,FL,MIAMI,3
309646,IL,PEORIA,174
310232,CA,SNMN SNMN,149
310236,CA,SNMN SNMN,233
310238,CA,SNMN SNMN,6
310239,CA,SNMN SNMN,17
310240,CA,CMTN GRDN,21
310249,CA,CMTN GRDN,66
310250,CA,CMTN GRDN,10
310262,CA,SNMN SNMN,9
310298,CA,CMTN GRDN,42
310368,CA,CMTN GRDN,4
310501,CA,CMTN CMTN,2635
310509,CA,CMTN CMTN,7
310585,CA,SNMN SNMN,3
310588,CA,SNMN SNMN,37
310685,CA,CMTN GRDN,41
310716,CA,CMTN GRDN,5
310718,CA,CMTN GRDN,9
310723,CA,CMTN GRDN,451
310731,CA,CMTN CMTN,4
310790,CA,SNMN SNMN,1
310805,CA,CMTN GRDN,3
310875,CA,SNMN SNMN,4
310932,CA,LAKEWOOD,2
310960,CA,CMTN GRDN,14
310992,CA,SNMN SNMN,9
312249,IL,CHICGOZN01,3458
312250,IL,CHICGOZN01,8710
312271,IL,CHICGOZN01,3251
312272,IL,CHICGOZN01,80
312289,IL,CHICGOZN01,2
312290,IL,CHICGOZN01,31
312295,IL,LA GRANGE,182
312299,IL,CHICGOZN01,11
312349,IL,CHICGOZN01,518
312359,IL,CHICGOZN01,9
312365,IL,CHICGOZN01,7
312367,IL,LA GRANGE,3
312370,IL,CHICGOZN01,806
312378,IL,CHICGOZN01,1
312387,IL,CHICGOZN01,14
312389,IL,CHICGOZN01,297
312398,IL,CHICGOZN01,97
312418,IL,CHICGOZN01,3
312426,IL,CHICGOZN01,1
312484,IL,CHICGOZN01,38
312490,IL,CHICGOZN01,6
312495,IL,CHICGOZN01,3
312512,IL,CHICGOZN01,2
312562,IL,CHICGOZN01,2
312571,IL,CHICGOZN01,4
312657,IL,CHICGOZN01,31
312677,IL,CHICGOZN01,4
312688,IL,CHICGOZN01,3
312717,IL,LA GRANGE,1
312748,IL,CHICGOZN01,1
312830,IL,CHICGOZN01,1
312851,IL,CHICGOZN01,75
312891,IL,CHICGOZN01,1
312901,IL,CHICGOZN01,91
312910,IL,CHICGOZN01,1
312941,IL,CHICGOZN01,2
312963,IL,CHICGOZN01,2
313210,MI,DETROITZN5,1
313219,MI,DETROITZN5,23
313238,MI,DETROITZN5,1
313239,MI,DETROITZN5,4
313250,MI,DETROITZN5,146
313276,MI,DETROITZN5,13
313280,MI,DETROITZN1,424
313321,MI,DETROITZN5,16
313328,MI,DETROITZN5,6
313376,MI,DETROITZN5,1
313440,MI,DETROITZN5,94
313630,MI,DETROITZN5,1
313767,MI,DETROITZN6,1
313940,MI,DETROITZN5,15
313958,MI,DETROITZN5,1
313984,MI,DETROITZN5,1
314204,MO,ST LOUIS,1
314245,MO,ST LOUIS,27
314318,MO,ST LOUIS,34
314404,MO,LADUE,2
314430,MO,ST LOUIS,4
314460,MO,ST LOUIS,37
314507,MO,LADUE,211
314751,MO,ST LOUIS,2
314870,MO,LADUE,3
314902,MO,ST LOUIS,43
314903,MO,ST LOUIS,19
314905,MO,ST LOUIS,124
314908,MO,ST LOUIS,1553
314927,MO,ST LOUIS,30
314929,MO,ST LOUIS,2
314945,MO,ST LOUIS,10
314981,MO,LADUE,2
314990,MO,ST LOUIS,8
314999,MO,ST LOUIS,123
315213,NY,AUBURN,1171
315241,NY,SYRACUSE,50
315242,NY,SYRACUSE,3
315248,NY,AUBURN,7
315249,NY,SYRACUSE,75
315340,NY,GENEVA,8
315419,NY,SYRACUSE,3
315441,NY,SYRACUSE,1072
315467,NY,SYRACUSE,403
315647,NY,SYRACUSE,2
315722,NY,UTICA,287
316577,KS,WICHITA,23
316695,KS,WICHITA,5
316969,KS,WICHITA,1
317206,IN,INDIANAPLS,1
317256,IN,INDIANAPLS,104
317303,IN,INDIANAPLS,7
317307,IN,INDIANAPLS,6
317309,IN,INDIANAPLS,32
317314,IN,INDIANAPLS,1
317320,IN,INDIANAPLS,5
317330,IN,INDIANAPLS,4
317380,IN,INDIANAPLS,1
317382,IN,INDIANAPLS,6
317391,IN,INDIANAPLS,3
317393,IN,INDIANAPLS,2
317394,IN,INDIANAPLS,5
317424,IN,INDIANAPLS,14
317425,IN,INDIANAPLS,12
317461,IN,INDIANAPLS,67
317725,IN,INDIANAPLS,7
317906,IN,INDIANAPLS,24
317907,IN,INDIANAPLS,2
317949,IN,INDIANAPLS,7
317980,IN,INDIANAPLS,1
317990,IN,INDIANAPLS,1
318241,LA,SHREVEPORT,23
318276,LA,MONROE,310
318630,LA,SHREVEPORT,4
318689,LA,SHREVEPORT,16
321227,FL,COCOA,45
321232,FL,COCOA,433
321630,FL,COCOA,3
321680,FL,COCOA,1
323288,CA,LSAN DA 03,548
323322,CA,LSAN DA 11,321
323355,CA,LSAN DA 03,378
323367,CA,LSAN DA 03,657
323414,CA,LSAN DA 03,32
323502,CA,LSAN DA 09,730
323858,CA,LSAN DA 03,340
330213,OH,AKRON,1
330214,OH,CANTON,4
330218,OH,CANTON,4
330250,OH,AKRON,3390
330254,OH,WARREN,219
330291,OH,AKRON,2
330292,OH,CANTON,1
330320,OH,CANTON,571
330380,OH,YOUNGSTOWN,37
330381,OH,LISBON,53
330404,OH,YOUNGSTOWN,1
330444,OH,SALEM,31
330613,OH,YOUNGSTOWN,128
330640,OH,YOUNGSTOWN,101
330709,OH,CANTON,16
330710,OH,AKRON,2
330712,OH,HARTVILLE,9
330713,OH,AKRON,9
330820,OH,YOUNGSTOWN,11
330901,OH,ALLIANCE,141
330902,OH,MASSILLON,2
330912,OH,KENT,234
330914,OH,AKRON,415
330919,OH,CANTON,1
330955,OH,CANTON,3
330981,OH,AKRON,179
334236,AL,MONTGOMERY,2
334317,AL,MONTGOMERY,3
334486,AL,MONTGOMERY,1
334506,AL,MONTGOMERY,4
334516,AL,MONTGOMERY,34
334519,AL,MONTGOMERY,200
334570,AL,MONTGOMERY,5
334571,AL,MONTGOMERY,18
334719,AL,DOTHAN,229
334761,AL,DOTHAN,13
336205,NC,REIDSVILLE,126
336208,NC,WINSTN SAL,6
336216,NC,ASHEBORO,83
336319,NC,GREENSBORO,1600
336321,NC,GREENSBORO,4
336507,NC,GREENSBORO,2
336556,NC,GREENSBORO,8
336557,NC,BURLINGTON,3
336729,NC,WINSTN SAL,2
336913,NC,GREENSBORO,20
337219,LA,LK CHARLES,47
337271,LA,LAFAYETTE,64
337293,LA,LAFAYETTE,18
337297,LA,LAFAYETTE,2
337299,LA,LAFAYETTE,183
337341,LA,LAFAYETTE,2
337498,LA,LK CHARLES,1
337596,LA,LK CHARLES,68
337733,LA,LAFAYETTE,2
352252,FL,GAINESVL,32
352506,FL,OCALA,177
360290,WA,OLYMPIA,14
360408,WA,VANCOUVER,1346
360439,WA,LONGVIEW,2
360781,WA,SILVERDALE,153
360806,WA,VANCOUVER,19
360971,WA,OLYMPIA,201
361224,TX,C CHRISTI,652
361234,TX,BEEVILLE,16
361270,TX,C CHRISTI,3
361410,TX,VICTORIA,433
361435,TX,ALICE,50
361634,TX,KINGSVILLE,42
361744,TX,C CHRISTI,25
361745,TX,C CHRISTI,36
386250,FL,DAYTONABCH,3
386691,FL,DAYTONABCH,1
386820,FL,DAYTONABCH,20
386831,FL,DAYTONABCH,150
401221,RI,PROVIDENCE,458
401925,RI,PROVIDENCE,147
401933,RI,PROVIDENCE,3
401938,RI,PROVIDENCE,3
402299,NE,OMAHA,7
404336,GA,ATLANTA,33
404356,GA,ATLANTA,513
404359,GA,ATLANTA,12
404485,GA,ATLANTA,2
404628,GA,ATLANTA,5
404646,GA,ATLANTA,3
404672,GA,ATLANTA,5
404674,GA,ATLANTA,8
404701,GA,ATLANTA,79
404708,GA,ATLANTA,47
404722,GA,ATLANTA,14
405304,OK,OKLA CITY,29
405327,OK,OKLA CITY,354
405502,OK,OKLA CITY,99
405559,OK,OKLA CITY,970
405575,OK,OKLA CITY,81
405647,OK,OKLA CITY,127
405660,OK,OKLA CITY,70
405690,OK,OKLA CITY,69
405770,OK,OKLA CITY,77
405904,OK,OKLA CITY,8
405908,OK,OKLA CITY,2
405961,OK,OKLA CITY,39
405978,OK,OKLA CITY,0
405980,OK,OKLA CITY,2
407220,FL,ORLANDO,1
407231,FL,ORLANDO,2063
407372,FL,ORLANDO,3
407400,FL,ORLANDO,3
407441,FL,ORLANDO,15
407524,FL,ORLANDO,1
407525,FL,ORLANDO,2
407526,FL,ORLANDO,2
407527,FL,ORLANDO,2
407570,FL,ORLANDO,1
407651,FL,ORLANDO,54
407763,FL,ORLANDO,2
407769,FL,ORLANDO,5
407899,FL,ORLANDO,5
407918,FL,ORLANDO,4
407945,FL,ORLANDO,17
408231,CA,SNJS WEST,146
408233,CA,SNJS WEST,330
408237,CA,SNJS WEST,93
408301,CA,SNJS WEST,19
408305,CA,SNJS WEST,6
408308,CA,SNJS WEST,4
408322,CA,SNJS WEST,24
408388,CA,SNJS WEST,7
408397,CA,SNJS WEST,12
408407,CA,SNJS WEST,63
408485,CA,SNJS WEST,31
408488,CA,SNJS WEST,7
408552,CA,SNJS WEST,11
408581,CA,SNJS WEST,1
408619,CA,SNJS WEST,9
408631,CA,SNJS WEST,5
408787,CA,SNJS WEST,5
408788,CA,SNJS WEST,9
408798,CA,SNJS WEST,5
408814,CA,SNJS WEST,8
408815,CA,SNJS WEST,4
408820,CA,SNJS WEST,2045
408860,CA,SNJS WEST,2
408870,CA,SNJS WEST,2
408932,CA,SNJS WEST,4
408939,CA,SNJS WEST,12
408948,CA,SNJS WEST,3
408949,CA,SNJS WEST,11
408951,CA,SNJS WEST,14
409353,TX,BEAUMONT,28
409456,TX,BEAUMONT,4
409634,TX,NDLDPTNCHS,7
409671,TX,TXSCYMARQU,17
410232,MD,BALTIMORE,5188
410283,MD,TOWSON,2591
410331,MD,ELKRIDGE,22
410351,MD,BALTIMORE,71
410373,MD,TOWSON,28
410389,MD,BALTIMORE,645
410408,MD,TOWSON,51
410434,MD,TOWSON,339
410445,MD,BALTIMORE,28
410447,MD,COLUMBIA,649
410460,MD,ELKRIDGE,56
410473,MD,TOWSON,61
410475,MD,TOWSON,10
410478,MD,ELKRIDGE,2
410492,MD,TOWSON,9
410607,MD,TOWSON,6
410640,MD,BALTIMORE,51
410678,MD,ELKRIDGE,4
410681,MD,TOWSON,14
410731,MD,ANNAPOLIS,20
410743,MD,BALTIMORE,12
410748,MD,ELLICOTTCY,178
410806,MD,TOWSON,163
410839,MD,TOWSON,10
410890,MD,TOWSON,121
410894,MD,TOWSON,492
410899,MD,TOWSON,28
410909,MD,ELKRIDGE,34
410932,MD,ELKRIDGE,4251
412270,PA,PTGSBNZN14,3822
412272,PA,PTGSBNZN14,6
412280,PA,PTTSBGZON1,219
412300,PA,PTGSBNZN14,4
412581,PA,PTTSBGZON1,41
412590,PA,PTTSBGZON2,24
412591,PA,PTTSBGZON2,5
412597,PA,PTGSBNZN14,76
412602,PA,PTTSBGZON6,2339
412617,PA,PTGSBNZN14,48
412619,PA,PTGSBNZN14,1
412640,PA,PTGSBNZN14,7
412649,PA,PTGSBNZN14,27
412669,PA,PTTSBGZON6,74
412686,PA,PTGSBNZN14,3
412698,PA,PTTSBGZON1,6
412718,PA,PTTSBGZON2,2981
412739,PA,PTTSBGZON2,2
412750,PA,PTTSBGZON1,34
412786,PA,PTTSBGZON2,4
412917,PA,PTTSBGZON7,950
412949,PA,PTTSBGZON7,488
412955,PA,PTTSBGZON2,54
412958,PA,PTTSBGZON7,8393
412970,PA,PTTSBGZON6,31
412978,PA,PTGSBNZN14,6
414201,WI,MILWAUKZN1,43
414205,WI,MILWAUKZN1,366
414222,WI,MILWAUKZN1,7844
414230,WI,MILWAUKZN1,18
414237,WI,MILWAUKZN1,22
414314,WI,MILWAUKZN1,6266
414320,WI,MILWAUKZN1,3
414330,WI,MILWAUKZN1,73
414402,WI,MILWAUKZN1,23
414480,WI,MILWAUKZN5,3
414575,WI,MILWAUKZN1,23
414601,WI,MILWAUKZN1,0
414663,WI,MILWAUKZN1,1
414669,WI,MILWAUKZN1,2
414718,WI,MILWAUKZN1,1
414816,WI,MILWAUKZN1,1
414838,WI,MILWAUKZN1,21
414890,WI,MILWAUKZN1,24
414904,WI,MILWAUKZN1,2
414907,WI,MILWAUKZN1,5829
414941,WI,MILWAUKZN1,306
414981,WI,MILWAUKZN1,10
415207,CA,SNFC CNTRL,30
415208,CA,SNFC CNTRL,4
415210,CA,SNFC CNTRL,16
415219,CA,SNFC CNTRL,6
415220,CA,SNFC CNTRL,205
415224,CA,SNFC CNTRL,18
415245,CA,SNFC CNTRL,6
415253,CA,SNFC CNTRL,109
415270,CA,SNFC CNTRL,2
415280,CA,SNFC CNTRL,36
415303,CA,SNFC CNTRL,19
415313,CA,SNFC CNTRL,8
415443,CA,SNFC JUNPR,7984
415540,CA,SNFC CNTRL,3
415560,CA,SNFC CNTRL,4
415607,CA,SNFC CNTRL,2205
415698,CA,SNFC CNTRL,3
415708,CA,SNFC CNTRL,20
415709,CA,SNFC CNTRL,2
415739,CA,SNFC CNTRL,52
415804,CA,SNFC CNTRL,8
415809,CA,SNFC CNTRL,8
419316,OH,NEW RIEGEL,6
419323,OH,TOLEDO,3
419328,OH,TOLEDO,3
419412,OH,FINDLAY,42
419414,OH,FREMONT,70
419416,OH,TIFFIN,1
419440,OH,TOLEDO,26
419444,OH,TOLEDO,827
419449,OH,TOLEDO,25
419743,OH,TOLEDO,264
423221,TN,CHATTNOOGA,3
423399,TN,LAFOLLETTE,7
423409,TN,BULLS GAP,5
423412,TN,JOHNSON CY,15
423469,TN,NEWPORT,17
423514,TN,CHATTNOOGA,2
423655,TN,CHATTNOOGA,5
423795,TN,JOHNSON CY,8
425323,WA,ISSAQUAH,2
425325,WA,BELLEVUE,1
425568,WA,BELLEVUE,1
425631,WA,BELLEVUE,751
434940,VA,LYNCHBURG,5
435204,UT,TOOELE,46
435206,UT,LOGAN,5
435235,UT,CEDAR CITY,10
440203,OH,LORAIN,315
440270,OH,WILLOUGHBY,49
440301,OH,WILLOUGHBY,21
440302,OH,WILLOUGHBY,6
440303,OH,WILLOUGHBY,570
440304,OH,WILLOUGHBY,14
440369,OH,WILLOUGHBY,1
440380,OH,VICTORY,43
440393,OH,WILLOUGHBY,1
440507,OH,WILLOUGHBY,7
440562,OH,WILLOUGHBY,790
440612,OH,WILLOUGHBY,174
440677,OH,BURTON,2
440680,OH,WILLOUGHBY,5
440758,OH,ELYRIA,337
440784,OH,WICKLIFFE,4
440980,OH,WILLOUGHBY,5
479415,AR,FORT SMITH,1
480871,AZ,PHOENIX,4
502392,KY,LOUISVILLE,13
502397,KY,LOUISVILLE,6
502455,KY,LOUISVILLE,67
502464,KY,LOUISVILLE,116
502478,KY,LOUISVILLE,384
502620,KY,LOUISVILLE,4
502672,KY,LOUISVILLE,3
502675,KY,LOUISVILLE,151
502752,KY,LOUISVILLE,2
503202,OR,PORTLAND,5666
503204,OR,PORTLAND,40
503237,OR,PORTLAND,336
503271,OR,PORTLAND,68
503301,OR,PORTLAND,598
503514,OR,PORTLAND,32
503527,OR,PORTLAND,9
503529,OR,PORTLAND,11
503599,OR,PORTLAND,54
503604,OR,PORTLAND,51
503817,OR,PORTLAND,32
503818,OR,PORTLAND,41
503870,OR,PORTLAND,32
503903,OR,PORTLAND,142
503904,OR,PORTLAND,430
503918,OR,SALEM,1
503920,OR,PORTLAND,135
503921,OR,PORTLAND,43
503938,OR,PORTLAND,2987
503940,OR,PORTLAND,140
503942,OR,PORTLAND,37
503955,OR,PORTLAND,102
503993,OR,PORTLAND,29
504213,LA,NEWORLEANS,197
504268,LA,KENNER,2796
504403,LA,KENNER,9
504423,LA,NEWORLEANS,343
504476,LA,NEWORLEANS,1
504477,LA,NEWORLEANS,92
504480,LA,NEWORLEANS,87
504489,LA,NEWORLEANS,104
504501,LA,NEWORLEANS,21
504538,LA,NEWORLEANS,3123
504540,LA,NEWORLEANS,8
504546,LA,NEWORLEANS,4
504550,LA,NEWORLEANS,66
504551,LA,NEWORLEANS,39
504560,LA,NEWORLEANS,147
504572,LA,NEWORLEANS,11
504574,LA,NEWORLEANS,3
504663,LA,NEWORLEANS,76
504664,LA,NEWORLEANS,13
504668,LA,NEWORLEANS,108
504773,LA,NEWORLEANS,2
504794,LA,NEWORLEANS,3
504823,LA,NEWORLEANS,58
504824,LA,NEWORLEANS,34
504843,LA,NEWORLEANS,2
504844,LA,NEWORLEANS,29
504880,LA,NEWORLEANS,68
505251,NM,ALBUQURQUE,466
505329,NM,ALBUQURQUE,11
505380,NM,ALBUQURQUE,2072
505381,NM,ALBUQURQUE,6
505529,NM,ALBUQURQUE,38
505530,NM,ALBUQURQUE,34
505540,NM,ALBUQURQUE,17
505561,NM,ALBUQURQUE,7
505669,NM,SANTA FE,1
510212,CA,FRNK OLIVR,89
510218,CA,FRNK OLIVR,2
510308,CA,OKLD MN-PD,39
510310,CA,OKLD MN-PD,2
510321,CA,OKLD MN-PD,3
510515,CA,OKLD MN-PD,901
510702,CA,OKLD MN-PD,20
510716,CA,OKLD MN-PD,1
510720,CA,OKLD MN-PD,2
510801,CA,OKLD MN-PD,2567
510802,CA,OKLD MN-PD,176
510805,CA,OKLD MN-PD,219
510810,CA,OKLD BKLY,3
512205,TX,AUSTIN,2125
512235,TX,AUSTIN,18
512274,TX,JARRELL,57
512307,TX,AUSTIN,10
512603,TX,AUSTIN,37
512604,TX,AUSTIN,66
512606,TX,AUSTIN,117
512612,TX,AUSTIN,1
512613,TX,AUSTIN,34
512622,TX,AUSTIN,163
512624,TX,AUSTIN,30
512625,TX,AUSTIN,118
512802,TX,AUSTIN,3353
512849,TX,AUSTIN,61
512875,TX,AUSTIN,113
512896,TX,AUSTIN,73
512935,TX,AUSTIN,849
513209,OH,CINCINNATI,89
513210,OH,CINCINNATI,38
513249,OH,CINCINNATI,98
513269,OH,CINCINNATI,108
513343,OH,CINCINNATI,2636
513350,OH,CINCINNATI,3
513359,OH,CINCINNATI,2
513408,OH,CINCINNATI,103
513590,OH,CINCINNATI,11
513610,OH,CINCINNATI,1
513650,OH,CINCINNATI,1
513660,OH,CINCINNATI,3
513670,OH,CINCINNATI,30
513691,OH,CINCINNATI,19
513710,OH,CINCINNATI,1
513890,OH,MIDDLETOWN,448
513920,OH,CINCINNATI,20
513944,OH,CINCINNATI,1
513971,OH,CINCINNATI,35
516230,NY,BRENTWOOD,316
516245,NY,NASSAUZN05,11
516251,NY,NASSAUZN05,131
516257,NY,NASSAUZN05,15
516258,NY,BRENTWOOD,5
516275,NY,BRENTWOOD,7
516276,NY,BRENTWOOD,2
516278,NY,BRENTWOOD,1
516290,NY,NASSAUZN05,4
516291,NY,NASSAUZN01,380
516332,NY,NASSAUZN05,64
516335,NY,NASSAUZN05,9
516339,NY,BRENTWOOD,16
516372,NY,NASSAUZN05,37
516389,NY,NASSAUZN05,3
516392,NY,NASSAUZN05,4
516397,NY,SELDEN,1
516525,NY,NASSAUZN01,32
516529,NY,NASSAUZN09,2
516552,NY,NASSAUZN05,1
516553,NY,NASSAUZN05,2
516638,NY,NASSAUZN09,4
516645,NY,NASSAUZN05,5
516648,NY,NASSAUZN08,2202
516649,NY,NASSAUZN08,5
516657,NY,NASSAUZN05,18
516793,NY,NASSAUZN05,2
516839,NY,NASSAUZN05,2
516891,NY,NASSAUZN05,29
516925,NY,NASSAUZN05,3
516947,NY,NASSAUZN02,5
516948,NY,SELDEN,1
516954,NY,NASSAUZN05,10
516975,NY,NASSAUZN05,2424
517228,MI,LANSING,12
517229,MI,LANSING,14
517232,MI,LANSING,172
517309,MI,COLDWATER,11
517340,MI,LANSING,2
517341,MI,LANSING,23
517533,MI,HILLSDALE,10
517534,MI,JACKSON,791
517564,MI,ADRIAN,27
517571,MI,HOWELL,1
518228,NY,COLONIE,1603
518230,NY,COLONIE,10
518259,NY,ALBANY,229
518341,NY,SCHENCTADY,460
518342,NY,SCHENCTADY,218
518343,NY,ALBANY,130
518422,NY,ALBANY,796
518865,NY,COLONIE,37
520446,AZ,TUCSON,3866
520930,AZ,TUCSON,1
520931,AZ,TUCSON,1
540201,VA,ROANOKE,296
541309,OR,BEND,1
541710,OR,EUGENE,82
541718,OR,EUGENE,1
541814,OR,MEDFORD,295
561224,FL,BOYNTONBCH,104
561230,FL,WPALMBEACH,2
561326,FL,WPALMBEACH,25
561387,FL,WPALMBEACH,6
561551,FL,WPALMBEACH,18
561552,FL,WPALMBEACH,2
561553,FL,WPALMBEACH,61
561554,FL,WPALMBEACH,20
561604,FL,WPALMBEACH,219
561605,FL,WPALMBEACH,4
561606,FL,WPALMBEACH,1
561608,FL,BOYNTONBCH,2
561610,FL,WPALMBEACH,9
561652,FL,WPALMBEACH,1
561751,FL,WPALMBEACH,6
561754,FL,WPALMBEACH,37
561773,FL,BOCA RATON,1225
561854,FL,WPALMBEACH,7
561874,FL,WPALMBEACH,8
561885,FL,WPALMBEACH,8
561936,FL,WPALMBEACH,33
561937,FL,WPALMBEACH,78
561947,FL,WPALMBEACH,2
562214,CA,LAKEWOOD,36
562226,CA,NORWALK,7
562227,CA,NORWALK,27
562238,CA,CMTN CMTN,2
562300,CA,CMTN GRDN,80
562460,CA,NORWALK,1
562678,CA,LAKEWOOD,1
562744,CA,ALAMITOS,108
562877,CA,CMTN CMTN,7
562878,CA,CMTN CMTN,4
562918,CA,ALAMITOS,5
563280,IA,DAVENPORT,136
570315,PA,SCRANTON,21
570480,PA,MOOSIC,126
570598,PA,OLYPHANT,144
570670,PA,SCRANTON,20
570804,PA,SCRANTON,71
570978,PA,MOUNTANTOP,6
570997,PA,MOUNTANTOP,1
571219,VA,WSNGTNZN08,102
580398,OK,ELK CITY,3
586361,MI,ROMEO,1
586363,MI,MT CLEMENS,13
586403,MI,MT CLEMENS,5
586409,MI,MT CLEMENS,2
586470,MI,WARREN,26
586529,MI,WARREN,11
586587,MI,MT CLEMENS,2
586607,MI,WARREN,9
586609,MI,WARREN,2
586617,MI,MT CLEMENS,2
586769,MI,MT CLEMENS,1
586807,MI,WARREN,1
586860,MI,WARREN,1
586889,MI,WARREN,1
601328,MS,JACKSON,43
601458,MS,MERIDIAN,20
601459,MS,HATTIESBG,463
601471,MS,JACKSON,8
601478,MS,JACKSON,2
602201,AZ,PHOENIX,5280
602202,AZ,PHOENIX,247
602204,AZ,PHOENIX,16
602205,AZ,PHOENIX,13
602215,AZ,PHOENIX,12
602259,AZ,PHOENIX,36
602289,AZ,PHOENIX,1
602356,AZ,PHOENIX,2
602360,AZ,PHOENIX,19
602450,AZ,PHOENIX,71
602591,AZ,PHOENIX,7
602645,AZ,PHOENIX,23
602646,AZ,PHOENIX,8
602656,AZ,PHOENIX,357
602658,AZ,PHOENIX,14
602660,AZ,PHOENIX,2
602673,AZ,PHOENIX,42
602746,AZ,PHOENIX,312
602779,AZ,PHOENIX,159
602868,AZ,PHOENIX,1
602871,AZ,PHOENIX,2
607799,NY,BINGHAMTON,10
607897,NY,GROTON,398
608303,WI,MADISON,1
608307,WI,JANESVILLE,460
608578,WI,MADISON,2
608603,WI,JANESVILLE,6
608657,WI,MADISON,15
608682,WI,MADISON,0
609229,NJ,MERCERVL,103
609295,NJ,MOUNTHOLLY,0
609329,NJ,TRENTON,7
609615,NJ,TRENTON,115
609679,NJ,PLEASANTVL,11
609687,NJ,MOUNTHOLLY,218
609725,NJ,ATLNTIC CY,10
610218,PA,ALLENTOWN,20
610221,PA,PHPHSBZN25,1848
610303,PA,PHPHSBZN25,9
610305,PA,PHPHSBZN25,172
610307,PA,PHPHSBZN25,8
610309,PA,PHPHSBZN25,11
610315,PA,PHPHSBZN25,4
610318,PA,PHPHSBZN12,945
610319,PA,PHPHSBZN13,9
610339,PA,ALLENTOWN,6
610414,PA,POTTSTOWN,7
610418,PA,W CHESTER,232
610460,PA,PHPHSBZN12,9
610475,PA,PHPHSBZN31,15
610501,PA,PHPHSBZN25,35
610752,PA,READING,2
610815,PA,COLLEGEVL,1
610817,PA,WEST GROVE,6
610830,PA,ALLENTOWN,6
610907,PA,PHPHSBZN31,21
610912,PA,ALLENTOWN,137
610920,PA,ALLENTOWN,1
610963,PA,PHPHSBZN26,141
612319,MN,TWINCITIES,24
612579,MN,TWINCITIES,87
612606,MN,TWINCITIES,7
612609,MN,TWINCITIES,50
612621,MN,TWINCITIES,22
612622,MN,TWINCITIES,11
612640,MN,TWINCITIES,20
612648,MN,TWINCITIES,17
612650,MN,TWINCITIES,17
612660,MN,TWINCITIES,16
612680,MN,TWINCITIES,8
612880,MN,TWINCITIES,18
614320,OH,NEW ALBANY,382
614399,OH,COLUMBUS,38
614590,OH,COLUMBUS,11
614605,OH,COLUMBUS,1
614608,OH,DUBLIN,4
614616,OH,COLUMBUS,1
614617,OH,COLUMBUS,18
614630,OH,ALTON,33
614631,OH,ALTON,15
614637,OH,ALTON,75
614640,OH,COLUMBUS,1
614646,OH,COLUMBUS,3
614651,OH,ALTON,7
614661,OH,COLUMBUS,4
614672,OH,ALTON,6
614673,OH,ALTON,2
614690,OH,ALTON,4113
614691,OH,ALTON,659
614720,OH,COLUMBUS,1
615272,TN,NASHVILLE,18
615276,TN,NASHVILLE,15
615303,TN,NASHVILLE,14
615304,TN,NASHVILLE,1
615363,TN,NASHVILLE,208
615402,TN,NASHVILLE,16
615407,TN,NASHVILLE,3
615508,TN,NASHVILLE,10
615518,TN,NASHVILLE,1
615520,TN,NASHVILLE,15
615531,TN,NASHVILLE,11
615539,TN,NASHVILLE,14
615702,TN,NASHVILLE,18
615817,TN,NASHVILLE,1
615923,TN,NASHVILLE,45
615929,TN,NASHVILLE,90
615951,TN,NASHVILLE,8
615960,TN,NASHVILLE,6
615978,TN,NASHVILLE,2
616316,MI,LAKEODESSA,82
616332,MI,GRAND RPDS,8
616338,MI,GRAND RPDS,8
616339,MI,GRAND RPDS,20
616390,MI,GRAND RPDS,3
616412,MI,HOLLAND,28
616442,MI,GRAND RPDS,17
616444,MI,GRAND RPDS,480
616472,MI,GRAND RPDS,2
616480,MI,GRAND RPDS,16
616495,MI,GRAND RPDS,4
616564,MI,GRAND RPDS,4
616595,MI,GREENVILLE,8
616630,MI,GRAND RPDS,27
616680,MI,GRAND RPDS,29
619217,CA,SNDG SNDG,488
619242,CA,SNDG SNDG,20
619256,CA,CHULAVISTA,12
619406,CA,SNDG SNDG,2
619526,CA,SNDG SNDG,7
619529,CA,SNDG SNDG,5
619620,CA,SNDG SNDG,28
619893,CA,SNDG SNDG,5
619896,CA,SNDG SNDG,39
619898,CA,SNDG SNDG,3
619899,CA,SNDG SNDG,3
619960,CA,SNDG SNDG,1
619968,CA,SNDG SNDG,3
619969,CA,SNDG SNDG,4
619970,CA,SNDG SNDG,3
619973,CA,SNDG SNDG,5
619978,CA,SNDG SNDG,1
619979,CA,SNDG SNDG,6
619982,CA,SNDG SNDG,1
619989,CA,SNDG SNDG,3
619998,CA,SNDG SNDG,2
619999,CA,SNDG SNDG,2
626212,CA,ALHAMBRA,18
626220,CA,PSDN PSDN,43
626245,CA,EL MONTE,983
626266,CA,ALHAMBRA,6
626651,CA,ALHAMBRA,3
626690,CA,COVINA,3
626729,CA,EL MONTE,11
630223,IL,LA GRANGE,17
630249,IL,LA GRANGE,1
630255,IL,MAYWOOD,3833
630266,IL,LA GRANGE,45
630342,IL,LA GRANGE,4
630356,IL,LA GRANGE,3
630367,IL,LA GRANGE,1
630374,IL,NAPERVILLE,8
630419,IL,LA GRANGE,2
630498,IL,LA GRANGE,1
630583,IL,LA GRANGE,1
630683,IL,MAYWOOD,143
630763,IL,AURORA,1
630838,IL,MAYWOOD,232
630867,IL,LA GRANGE,9
630895,IL,LA GRANGE,1
630996,IL,LA GRANGE,4
631279,NY,BRENTWOOD,1715
631280,NY,BRENTWOOD,1
631322,NY,BRENTWOOD,22
631340,NY,BABYLON,8
631373,NY,BRENTWOOD,60
631426,NY,BABYLON,1
631441,NY,BRENTWOOD,5
631442,NY,BRENTWOOD,3
631497,NY,YAPHANK,1
631554,NY,BRENTWOOD,2
631558,NY,RIVERHEAD,443
631695,NY,BRENTWOOD,30
636320,MO,HARVESTER,1
636403,MO,HARVESTER,47
650205,CA,SSNFRNCSCO,23
650217,CA,SAN MATEO,20
650317,CA,MT VIEW,8
650371,CA,SAN MATEO,12
651532,MN,TWINCITIES,80
651610,MN,TWINCITIES,38
651629,MN,TWINCITIES,2867
651847,MN,TWINCITIES,23
661329,CA,BKFD MAIN,8
678991,GA,ADAIRSVL,244
702230,NV,LAS VEGAS,53
702264,NV,LAS VEGAS,1331
702282,NV,LAS VEGAS,31
702662,NV,LAS VEGAS,19
702681,NV,LAS VEGAS,6
703353,VA,WSNGTNZN08,3
703422,VA,WSNGTNZN08,18
703512,VA,WSNGTNZN08,1
703513,VA,WSNGTNZN08,5
703514,VA,WSNGTNZN08,3
703515,VA,WSNGTNZN08,7
703612,VA,WSNGTNZN08,108
703616,VA,WSNGTNZN08,1
703701,VA,WSNGTNZN08,135
703702,VA,WSNGTNZN08,1017
704217,NC,MONROE,85
704229,NC,STATESVL,109
704265,NC,CHARLOTTE,1
704346,NC,CHARLOTTE,58
704354,NC,CHARLOTTE,15
704356,NC,CHARLOTTE,1350
704407,NC,SHELBY,5
704415,NC,SHELBY,84
704505,NC,CHARLOTTE,6
704513,NC,CHARLOTTE,39
704514,NC,CHARLOTTE,6
704515,NC,CHARLOTTE,5
704518,NC,CHARLOTTE,5
704520,NC,CHARLOTTE,1
704580,NC,CHARLOTTE,25
704581,NC,CHARLOTTE,12
704613,NC,CHARLOTTE,5
704623,NC,CHARLOTTE,5
704653,NC,CHARLOTTE,1
704673,NC,GASTONIA,10
704725,NC,CONCORD,543
704767,NC,GASTONIA,58
706241,GA,AUGUSTA,30
706349,GA,ROME,6
706732,GA,AUGUSTA,27
707233,CA,SANTA ROSA,9
707288,CA,SANTA ROSA,41
707323,CA,SANTA ROSA,4
707325,CA,SANTA ROSA,18
707821,CA,SANTA ROSA,3
708230,IL,LA GRANGE,4
708241,IL,LA GRANGE,7
708242,IL,BELLWOOD,42
708266,IL,MAYWOOD,140
708276,IL,SUMMIT,3
708281,IL,NORTHBROOK,5
708313,IL,LA GRANGE,1
708324,IL,MAYWOOD,35
708348,IL,SUMMIT,1
708376,IL,NORTHBROOK,1
708379,IL,BELLWOOD,4
708412,IL,LA GRANGE,1
708413,IL,LA GRANGE,0
708440,IL,BLUEISLAND,3
708454,IL,NORTHBROOK,43
708461,IL,NORTHBROOK,4
708463,IL,LA GRANGE,2
708561,IL,LA GRANGE,2
708592,IL,LA GRANGE,4
708604,IL,LA GRANGE,1
708619,IL,BLUEISLAND,3
708626,IL,BLUEISLAND,4
708644,IL,NORTHBROOK,5
708693,IL,LA GRANGE,3
708706,IL,LA GRANGE,1
708750,IL,ORLAND,2
708760,IL,CHICAGOHTS,2
708812,IL,LA GRANGE,90
708823,IL,LA GRANGE,3
708861,IL,LA GRANGE,3
708881,IL,NORTHBROOK,2
708886,IL,LA GRANGE,2
708936,IL,CHICAGOHTS,2
708944,IL,NORTHBROOK,1
708962,IL,MONEE,9
708984,IL,MONEE,3
708994,IL,LA GRANGE,0
708999,IL,MAYWOOD,395
713200,TX,HOUSTON,2355
713279,TX,HOUSTON,226
713282,TX,HOUSTON,1
713288,TX,HOUSTON,65
713310,TX,HOUSTON,85
713318,TX,HOUSTON,89
713326,TX,HOUSTON,71
713327,TX,HOUSTON,134
713404,TX,HOUSTON,5709
713406,TX,HOUSTON,27
713415,TX,HOUSTON,73
713506,TX,HOUSTON,21
713508,TX,HOUSTON,8
713509,TX,HOUSTON,61
713519,TX,HOUSTON,2
713549,TX,HOUSTON,174
713593,TX,HOUSTON,2
713601,TX,HOUSTON,2
713603,TX,HOUSTON,2
713604,TX,HOUSTON,6
713605,TX,HOUSTON,109
713606,TX,HOUSTON,3679
713607,TX,HOUSTON,42
713608,TX,HOUSTON,35
713616,TX,HOUSTON,10
713617,TX,HOUSTON,21
713618,TX,HOUSTON,7
713619,TX,HOUSTON,9
713642,TX,HOUSTON,6
713648,TX,HOUSTON,27
713687,TX,HOUSTON,60
713698,TX,HOUSTON,6
713707,TX,HOUSTON,34
713708,TX,HOUSTON,9
713709,TX,HOUSTON,10
713710,TX,HOUSTON,11
713712,TX,HOUSTON,9
713716,TX,HOUSTON,14
713717,TX,HOUSTON,14
713719,TX,HOUSTON,9
713720,TX,HOUSTON,8
713736,TX,HOUSTON,27
713760,TX,HOUSTON,34
713761,TX,HOUSTON,19
713762,TX,HOUSTON,9
713763,TX,HOUSTON,71
713764,TX,HOUSTON,42
713765,TX,HOUSTON,16
713768,TX,HOUSTON,338
713769,TX,HOUSTON,3
713786,TX,HOUSTON,22
713801,TX,HOUSTON,2
713809,TX,HOUSTON,5
713813,TX,HOUSTON,4
713833,TX,HOUSTON,8
713841,TX,HOUSTON,21
713846,TX,HOUSTON,18
713883,TX,HOUSTON,25
713886,TX,HOUSTON,9
713891,TX,HOUSTON,154
713901,TX,HOUSTON,8
713905,TX,HOUSTON,18
713912,TX,HOUSTON,1
713915,TX,HOUSTON,2
713916,TX,HOUSTON,2
713971,TX,HOUSTON,95
713990,TX,HOUSTON,18
714201,CA,ANAHEIM,717
714212,CA,ANAHEIM,7
714214,CA,ANAHEIM,32
714216,CA,ANAHEIM,33
714217,CA,ANAHEIM,2
714218,CA,ANAHEIM,1
714219,CA,ANAHEIM,34
714286,CA,ANAHEIM,5
714291,CA,ANAHEIM,3
714314,CA,ANAHEIM,8
714320,CA,ANAHEIM,3
714346,CA,ANAHEIM,6
714354,CA,ANAHEIM,3
714355,CA,ANAHEIM,1
714358,CA,ANAHEIM,4
714359,CA,ANAHEIM,1
714405,CA,ANAHEIM,145
714407,CA,ANAHEIM,10
714413,CA,ANAHEIM,3
714419,CA,ANAHEIM,1
714570,CA,ANAHEIM,14
714652,CA,ANAHEIM,4
714691,CA,ANAHEIM,16
714802,CA,ANAHEIM,18
714806,CA,ANAHEIM,25
714810,CA,ANAHEIM,14
716360,NY,LANCASTER,842
716369,NY,TONAWANDA,94
716441,NY,BUFFALO,80
716443,NY,TONAWANDA,108
716448,NY,TONAWANDA,208
716459,NY,TONAWANDA,60
716460,NY,TONAWANDA,100
716470,NY,LANCASTER,8
716497,NY,LANCASTER,0
716522,NY,TONAWANDA,97
716556,NY,TONAWANDA,5
716618,NY,TONAWANDA,1
716619,NY,WILLIAMSVL,4
716642,NY,TONAWANDA,2081
716643,NY,TONAWANDA,493
716653,NY,TONAWANDA,33
717410,PA,HARISBGZN1,3
717499,PA,LANCASTER,918
717518,PA,HARISBGZN1,4
717907,PA,LANCASTER,9
719236,CO,COLORDOSPG,122
719261,CO,COLORDOSPG,18
719279,CO,COLORDOSPG,40
719443,CO,COLORDOSPG,21
719450,CO,COLORDOSPG,13
724341,PA,GREENSBURG,386
724380,PA,WASHINGTON,1
724460,PA,GREENSBURG,1
724829,PA,BEAVER FLS,5
727257,FL,STPETERSBG,1374
727402,FL,CLEARWATER,817
727405,FL,CLEARWATER,2
727429,FL,CLEARWATER,47
727508,FL,CLEARWATER,1
727516,FL,CLEARWATER,1
727529,FL,CLEARWATER,22
727790,FL,CLEARWATER,1
727956,FL,NWPTRICHEY,263
727970,FL,CLEARWATER,1
732265,NJ,WOODBRIDGE,1
732304,NJ,SOUTHRIVER,3
732315,NJ,TOMS RIVER,1
732327,NJ,EATONTOWN,1
732478,NJ,RAHWAY,714
732488,NJ,WOODBRIDGE,2
732498,NJ,TOMS RIVER,1
732633,NJ,NEWBRNSWCK,0
732880,NJ,NEWBRNSWCK,1
732883,NJ,NEWBRNSWCK,2
732891,NJ,MATAWAN,1
732916,NJ,NEWBRNSWCK,1
732989,NJ,BOUNDBROOK,2
734226,MI,YPSILANTI,236
734227,MI,MONROE,128
734360,MI,FLAT ROCK,1
734380,MI,ROMULUS,10
734473,MI,ANN ARBOR,56
734509,MI,ANN ARBOR,10
734825,MI,LIVONIA,5
734907,MI,TRENTON,1
740210,OH,NEWARK,51
740553,OH,COSHOCTON,37
740556,OH,LANCASTER,2
740735,OH,ZANESVILLE,111
757584,VA,NWPTNWSZN3,7
757661,VA,NRFOLKZON2,26
757669,VA,NRFOLKZON2,16
757860,VA,NRFOLKZON2,9
760226,CA,VICTORVL,3
760293,CA,OCSD PDTN,14
760714,CA,VISTA,4
760816,CA,VICTORVL,428
763214,MN,TWINCITIES,27
763289,MN,TWINCITIES,5
765218,IN,EATON,6
765255,IN,MECHANCSBG,16
765257,IN,PARAGON,1
765260,IN,BUCK CREEK,58
765261,IN,CRAWFODSVL,36
765262,IN,ANDERSON,8
765272,IN,AMBOY,644
765707,IN,MUNCIE,1
770201,GA,ATLANTA NE,358
770208,GA,ATLANTA NE,35
770245,GA,ATLANTA NE,2
770259,GA,ATLANTA NE,2
770260,GA,ATLANTA NE,19
770269,GA,ATLANTA NE,1
770327,GA,ATLANTA SO,32
770348,GA,ATLANTA NE,7
770397,GA,ATLANTA NE,75
770501,GA,GRANTVILLE,0
770553,GA,ADAIRSVL,39
770581,GA,ZEBULON,29
770610,GA,ATLANTA NE,2
770697,GA,ATLANTA NE,1
770699,GA,ATLANTA NE,3
770747,GA,ATLANTA NE,1
770768,GA,ADAIRSVL,12
770839,GA,ATLANTA NE,12
770890,GA,ATLANTA NE,137
770902,GA,ATLANTA NE,1
770915,GA,ATLANTA NE,6
772235,FL,VERO BEACH,135
772377,FL,PTST LUCIE,3
772917,FL,PTST LUCIE,36
773201,IL,CHICGOZN01,26
773204,IL,CHICGOZN01,4
773212,IL,CHICGOZN03,34
773214,IL,CHICGOZN01,3
773215,IL,CHICGOZN01,56
773222,IL,CHICGOZN01,92
773223,IL,CHICGOZN06,3
773228,IL,CHICGOZN01,8828
773258,IL,CHICGOZN01,7
773335,IL,CHICGOZN01,1
773393,IL,CHICGOZN01,20
773438,IL,CHICGOZN01,13
773448,IL,CHICGOZN01,2
773460,IL,CHICGOZN01,3
773461,IL,CHICGOZN01,2
773464,IL,CHICGOZN01,3
773566,IL,CHICGOZN01,4
773652,IL,CHICGOZN01,1065
773670,IL,CHICGOZN03,1
801202,UT,SALT LAKE,418
801219,UT,SALT LAKE,13
801241,UT,SALT LAKE,3122
801242,UT,SALT LAKE,597
801248,UT,SALT LAKE,80
801249,UT,SALT LAKE,643
801271,UT,SALT LAKE,23
801275,UT,SALT LAKE,19
801276,UT,SALT LAKE,7
801279,UT,KAYSVILLE,249
801283,UT,PROVO,339
801929,UT,SALT LAKE,29
801986,UT,SALT LAKE,2059
803241,SC,COLUMBIA,40
803277,SC,NO AUGUSTA,94
803301,SC,COLUMBIA,1
803303,SC,COLUMBIA,2
803304,SC,COLUMBIA,3
803352,SC,COLUMBIA,1435
803355,SC,COLUMBIA,22
803362,SC,ORANGEBURG,54
803503,SC,COLUMBIA,1
803654,SC,COLUMBIA,224
803690,SC,COLUMBIA,23
803698,SC,COLUMBIA,24
803890,SC,SUMTER,134
803954,SC,COLUMBIA,65
805359,CA,VNTRA EAST,3
805442,CA,THOUSAOAKS,241
805502,CA,SATICOY,6
808231,HI,HONOLULU,33
808251,HI,HONOLULU,16
808252,HI,HONOLULU,9
808267,HI,HONOLULU,6
808273,HI,HONOLULU,3
808279,HI,HONOLULU,3
808287,HI,HONOLULU,1
808288,HI,HONOLULU,4
808290,HI,HONOLULU,5
808297,HI,WAILUKU,16
808299,HI,HONOLULU,107
808361,HI,HONOLULU,83
808362,HI,HONOLULU,77
808363,HI,HONOLULU,921
808530,HI,HONOLULU,72
808549,HI,HONOLULU,41
808569,HI,HONOLULU,36
808570,HI,HONOLULU,1
808571,HI,HONOLULU,81
808574,HI,HONOLULU,107
808576,HI,HONOLULU,62
808577,HI,HONOLULU,3735
808578,HI,HONOLULU,212
808581,HI,HONOLULU,6
808584,HI,HONOLULU,3
808598,HI,HONOLULU,13
808641,HI,HONOLULU,88
808644,HI,LIHUE,4
808858,HI,HONOLULU,1
808898,HI,HILO,0
808899,HI,HILO,34
810290,MI,FLINT,3
810528,MI,FLINT,48
810581,MI,MARINECITY,1
810971,MI,PORT HURON,4
810973,MI,LAPEER,1
812439,IN,EVANSVILLE,1
812440,IN,EVANSVILLE,143
813201,FL,TAMPA,963
813208,FL,TAMPA,7
813214,FL,TAMPA,1
813271,FL,TAMPA,7
813292,FL,TAMPA,1
813332,FL,TAMPA,1827
813338,FL,TAMPA,2
813339,FL,TAMPACEN,28
813457,FL,TAMPACEN,1871
813718,FL,ZEPHYRHILS,1
813913,FL,TAMPACEN,3
814291,PA,JOHNSTOWN,75
814567,PA,ALTOONA,326
815203,IL,JOLIET,106
815204,IL,CRYSTAL LK,1
815294,IL,LA GRANGE,3
815480,IL,ROCKFORD,192
815532,IL,MORRIS,148
815536,IL,LA GRANGE,5
815775,IL,WOODSTOCK,8
815851,IL,KANKAKEE,117
815870,IL,ROCKFORD,28
816202,MO,KANSASCITY,1
816440,MO,KANSASCITY,712
816497,MO,KANSASCITY,28
816757,MO,KANSASCITY,18
816798,MO,KANSASCITY,9
816821,MO,KANSASCITY,10
816870,MO,KANSASCITY,6
817216,TX,ARLINGTON,1770
817218,TX,ARLINGTON,29
817327,TX,ARLINGTON,51
817331,TX,ARLINGTON,4
817340,TX,ARLINGTON,75
817351,TX,ARLINGTON,15
817364,TX,ARLINGTON,1
817414,TX,GRAPEVINE,9
817450,TX,ARLINGTON,1
817499,TX,ARLINGTON,23
817604,TX,GRAPEVINE,4
817620,TX,ARLINGTON,1
817621,TX,ARLINGTON,1
817651,TX,ARLINGTON,2
817660,TX,GRAPEVINE,1
817671,TX,ARLINGTON,10
817824,TX,ARLINGTON,118
817827,TX,ARLINGTON,35
817828,TX,ARLINGTON,1
817942,TX,ARLINGTON,2
817943,TX,ARLINGTON,1
817957,TX,ARLINGTON,3
817979,TX,ARLINGTON,1
817998,TX,ARLINGTON,11
818202,CA,VAN NUYS,69
818204,CA,VAN NUYS,5
818215,CA,VAN NUYS,29
818218,CA,LSAN DA 01,6
818229,CA,VAN NUYS,129
818258,CA,VAN NUYS,12
818315,CA,VAN NUYS,3
818327,CA,VAN NUYS,2
818328,CA,VAN NUYS,1
818329,CA,VAN NUYS,2
818410,CA,VAN NUYS,23
818417,CA,VAN NUYS,1
818467,CA,BRBN BRBN,3
818490,CA,LSAN DA 01,2
818499,CA,VAN NUYS,48
818603,CA,VAN NUYS,26
818604,CA,VAN NUYS,3
818607,CA,VAN NUYS,2
818608,CA,VAN NUYS,1
818680,CA,BRBN BRBN,2
818801,CA,VAN NUYS,3
818803,CA,CANOGAPARK,2
818816,CA,VAN NUYS,4
818819,CA,VAN NUYS,3
818828,CA,VAN NUYS,5
818829,CA,VAN NUYS,3
818868,CA,NO HOLLYWD,331
818872,CA,VAN NUYS,2
818948,CA,VAN NUYS,2
828207,NC,ASHEVILLE,1800
828224,NC,FORESTCITY,2
828249,NC,MORGANTON,20
828314,NC,MORGANTON,72
828402,NC,MORGANTON,4
828425,NC,WAYNESVL,28
828444,NC,ASHEVILLE,57
828472,NC,ASHEVILLE,76
828473,NC,ARDEN,2
830207,TX,FREDECKSBG,3
830269,TX,SANANTONIO,6
830337,TX,UVALDE,16
830622,TX,NEWBRANFLS,75
830787,TX,DEL RIO,19
832635,TX,CLEVELAND,57
832697,TX,TOMBALL,6
843219,SC,CHARLESTON,98
843434,SC,CHARLESTON,8
843512,SC,CHARLESTON,7
843570,SC,CHARLESTON,10
843600,SC,FLORENCE,54
843660,SC,FLORENCE,65
843728,SC,CHARLESTON,126
843807,SC,CHARLESTON,1
843961,SC,CHARLESTON,2
845349,NY,NYACK,36
845387,NY,POUGHKEPSI,3
845438,NY,NEWBURGH,3
845449,NY,POUGHKEPSI,29
845487,NY,POUGHKEPSI,4
845556,NY,SPRING VLY,2
845685,NY,SPRING VLY,4
847203,IL,NORTHBROOK,392
847210,IL,NORTHBROOK,364
847216,IL,NORTHBROOK,3
847218,IL,NORTHBROOK,5
847225,IL,NORTHBROOK,136
847237,IL,NORTHBROOK,11
847314,IL,ELGIN,2
847333,IL,NORTHBROOK,5
847335,IL,NORTHBROOK,1
847339,IL,NORTHBROOK,3
847355,IL,NORTHBROOK,33
847365,IL,NORTHBROOK,16
847369,IL,ELGIN,1
847449,IL,NORTHBROOK,1
847479,IL,NORTHBROOK,4042
847614,IL,ARLIGTNHTS,31
847633,IL,WAUKEGAN,2
847684,IL,NORTHBROOK,1
847694,IL,LIBERTYVL,136
847820,IL,NORTHBROOK,3
847974,IL,NORTHBROOK,7
850395,FL,TALLAHASSE,39
850406,FL,PENSACOLA,261
850506,FL,PENSACOLA,39
850507,FL,PENSACOLA,3
850657,FL,TALLAHASSE,173
850802,FL,PENSACOLA,12
850839,FL,PENSACOLA,4
850887,FL,PENSACOLA,10
856253,NJ,HADDONFLD,1087
856274,NJ,WILLIAMSTN,1
856277,NJ,WOODSTOWN,3
856289,NJ,CAMDEN,386
856331,NJ,BERLIN,1
856445,NJ,CAMDEN,198
856531,NJ,HADDONFLD,5
856564,NJ,CAMDEN,27
856613,NJ,CAMDEN,1
856622,NJ,VINELAND,3
856623,NJ,WOODBURY,0
856674,NJ,MOORESTOWN,1
856715,NJ,BRIDGETON,13
856738,NJ,HADDONFLD,7
856752,NJ,COLLINGSWD,7
856855,NJ,HADDONFLD,9
856901,NJ,HADDONFLD,3
858347,CA,DEL MAR,417
858728,CA,SNDG MRMS,4
859330,KY,LEXINGTON,3597
859352,KY,LEXINGTON,2
860330,CT,HARTFORD,6
860332,CT,HARTFORD,3
860360,CT,HARTFORD,10
860363,CT,HARTFORD,14
860366,CT,HARTFORD,5
860369,CT,HARTFORD,3
860473,CT,HARTFORD,6
860504,CT,HARTFORD,515
860587,CT,HARTFORD,426
860708,CT,HARTFORD,57
860743,CT,NEW LONDON,2
860820,CT,HARTFORD,122
860825,CT,HARTFORD,354
863217,FL,WINTER HVN,8
863501,FL,WINTER HVN,10
863502,FL,WINTER HVN,308
863568,FL,LAKELAND,1
863570,FL,LAKELAND,841
863609,FL,LAKELAND,1
863819,FL,LAKELAND,1
864212,SC,SPARTANBG,641
864215,SC,GREENVILLE,1
864217,SC,GREENVILLE,3
864218,SC,SPARTANBG,1
864290,SC,GREENVILLE,4
864390,SC,GREENVILLE,360
864410,SC,GREENVILLE,3
864460,SC,GREENVILLE,17
864470,SC,GREENVILLE,11
864471,SC,GREENVILLE,2
864493,SC,GAFFNEY,4
864521,SC,ANDERSON,16
864524,SC,CLINTON,2
864620,SC,SPARTANBG,145
864996,SC,GREENVILLE,116
865289,TN,KNOXVILLE,72
865301,TN,KNOXVILLE,8
865358,TN,KNOXVILLE,7
865359,TN,KNOXVILLE,1
865402,TN,KNOXVILLE,3
865504,TN,KNOXVILLE,45
865597,TN,KNOXVILLE,1686
865701,TN,KNOXVILLE,25
865749,TN,KNOXVILLE,29
865818,TN,KNOXVILLE,31
865916,TN,OAK RIDGE,21
865996,TN,KNOXVILLE,1
901200,TN,MEMPHIS,302
901223,TN,MEMPHIS,19
901307,TN,MEMPHIS,1
901391,TN,MEMPHIS,86
901392,TN,MEMPHIS,136
901442,TN,MEMPHIS,2
901447,TN,MEMPHIS,71
901477,TN,MEMPHIS,35
901532,TN,MEMPHIS,8
901534,TN,MEMPHIS,1
901637,TN,MEMPHIS,2
901638,TN,MEMPHIS,1
901639,TN,MEMPHIS,2
901640,TN,MEMPHIS,1
901703,TN,MEMPHIS,7
901769,TN,MEMPHIS,12
901773,TN,MEMPHIS,3
901777,TN,MEMPHIS,41
901790,TN,MEMPHIS,4
903828,TX,GREENVILLE,94
903888,TX,CORSICANA,2
903943,TX,SHERMAN,166
904283,FL,ST JOHNS,14
904286,FL,ST JOHNS,13
904433,FL,JACKSONVL,22
904459,FL,JACKSONVL,1
904617,FL,JACKSONVL,2
904812,FL,JACKSONVL,1
904815,FL,JACKSONVL,1
904816,FL,JACKSONVL,1
904817,FL,JACKSONVL,1
904876,FL,JACKSONVL,465
908261,NJ,ELIZABETH,421
908471,NJ,ELIZABETH,1
908515,NJ,UNIONVILLE,2
908631,NJ,PEAPACK,2
908825,NJ,UNIONVILLE,19
909207,CA,CLAREMONT,125
909216,CA,COLTON,43
909249,CA,ONTARIO,140
909250,CA,COLTON,5
909290,CA,RIVERSIDE,566
909299,CA,CORONA,4
909309,CA,ONTARIO,9
909405,CA,ONTARIO,4
909410,CA,COLTON,7
909412,CA,RIVERSIDE,3
909416,CA,RIVERSIDE,6
909432,CA,COLTON,468
909523,CA,CLAREMONT,4
909535,CA,COLTON,24
909617,CA,HEMT HEMT,1
909722,CA,S BERNDINO,2
909814,CA,COLTON,51
909819,CA,ARLINGTON,0
910412,NC,WILMINGTON,2
910413,NC,LAURINBURG,164
910414,NC,ROCKINGHAM,3
913610,KS,KANSASCITY,6
913613,KS,KANSASCITY,1
913639,KS,KANSASCITY,6
913641,KS,KANSASCITY,1
913644,KS,KANSASCITY,2
913656,KS,KANSASCITY,2
913978,KS,KANSASCITY,1
914264,NY,SPRING VLY,21
914284,NY,WSCHSTZN08,61
914321,NY,WSCHSTZN08,1112
914324,NY,WSCHSTZN08,3
914379,NY,WSCHSTZN01,3
914392,NY,WSCHSTZN08,1
914442,NY,WSCHSTZN08,6
914445,NY,WSCHSTZN08,225
914492,NY,WSCHSTZN08,14
914537,NY,WSCHSTZN08,1
914544,NY,WSCHSTZN08,1
914551,NY,WSCHSTZN08,45
914553,NY,WSCHSTZN08,7
914585,NY,MT VERNON,7
914842,NY,PEEKSKILL,7
914951,NY,WSCHSTZN08,138
914952,NY,WSCHSTZN08,463
914972,NY,WSCHSTZN08,5
915287,TX,EL PASO,31
915663,TX,EL PASO,1139
916401,CA,SCRM MAIN,10
916466,CA,SCRM MAIN,45
916499,CA,SCRM MAIN,835
916506,CA,SCRM MAIN,6
916522,CA,SCRM MAIN,56
916592,CA,SCRM MAIN,18
916814,CA,SCRM MAIN,9
916815,CA,SCRM MAIN,221
916816,CA,SCRM MAIN,5718
916819,CA,SCRM MAIN,22
916828,CA,SCRM MAIN,134
916948,CA,FAIR OAKS,4
916951,CA,SCRM MAIN,6
916981,CA,SCRM MAIN,190
917205,NY,NWYRCYZN01,7865
917218,NY,NWYRCYZN01,4137
917219,NY,NWYRCYZN06,5032
917223,NY,NWYRCYZN01,46
917233,NY,NWYRCYZN06,54
917240,NY,NWYRCYZN01,8
917241,NY,NWYRCYZN01,390
917245,NY,NWYRCYZN06,1
917247,NY,NWYRCYZN01,18
917248,NY,NWYRCYZN01,34
917249,NY,NWYRCYZN06,17
917252,NY,NWYRCYZN01,287
917253,NY,NWYRCYZN01,19
917255,NY,NWYRCYZN08,1
917264,NY,NWYRCYZN01,5
917276,NY,NWYRCYZN01,7
917290,NY,NWYRCYZN06,5
917296,NY,NWYRCYZN01,1
917298,NY,NWYRCYZN06,19
917313,NY,NWYRCYZN01,420
917314,NY,NWYRCYZN01,54
917317,NY,NWYRCYZN01,24
917321,NY,NWYRCYZN01,6
917323,NY,NWYRCYZN01,2
917329,NY,NWYRCYZN08,1
917333,NY,NWYRCYZN01,7
917356,NY,NWYRCYZN01,8
917358,NY,NWYRCYZN01,1
917360,NY,NWYRCYZN01,1
917372,NY,NWYRCYZN01,17
917377,NY,NWYRCYZN01,2
917380,NY,NWYRCYZN01,7
917381,NY,NWYRCYZN01,37
917384,NY,NWYRCYZN01,1
917389,NY,NWYRCYZN01,5
917390,NY,NWYRCYZN06,73
917395,NY,NWYRCYZN06,112
917401,NY,NWYRCYZN01,37
917404,NY,NWYRCYZN11,7
917413,NY,NWYRCYZN08,1
917419,NY,NWYRCYZN08,0
917422,NY,NWYRCYZN01,8
917424,NY,NWYRCYZN01,158
917425,NY,NWYRCYZN06,9
917427,NY,NWYRCYZN06,26
917429,NY,NWYRCYZN11,6
917430,NY,NWYRCYZN11,7
917433,NY,NWYRCYZN06,1235
917448,NY,NWYRCYZN01,1049
917457,NY,NWYRCYZN01,87
917458,NY,NWYRCYZN01,26
917461,NY,NWYRCYZN08,5
917462,NY,NWYRCYZN01,6
917467,NY,NWYRCYZN01,4
917469,NY,NWYRCYZN01,12
917481,NY,NWYRCYZN08,5
917483,NY,NWYRCYZN06,35
917486,NY,NWYRCYZN06,27
917487,NY,NWYRCYZN06,1
917489,NY,NWYRCYZN01,3
917490,NY,NWYRCYZN06,1
917491,NY,NWYRCYZN06,3
917506,NY,NWYRCYZN01,27
917537,NY,NWYRCYZN01,134
917552,NY,NWYRCYZN01,10
917556,NY,NWYRCYZN01,42
917598,NY,NWYRCYZN08,1
917610,NY,NWYRCYZN01,7
917614,NY,NWYRCYZN01,2
917616,NY,NWYRCYZN01,5
917625,NY,NWYRCYZN01,33
917632,NY,NWYRCYZN01,27
917641,NY,NWYRCYZN01,365
917644,NY,NWYRCYZN01,2
917646,NY,NWYRCYZN01,7
917649,NY,NWYRCYZN01,25
917665,NY,NWYRCYZN06,7
917706,NY,NWYRCYZN01,42
917707,NY,NWYRCYZN08,4
917712,NY,NWYRCYZN01,3
917713,NY,NWYRCYZN01,4
917729,NY,NWYRCYZN01,1144
917735,NY,NWYRCYZN06,1
917738,NY,NWYRCYZN01,53
917739,NY,NWYRCYZN01,5
917752,NY,NWYRCYZN01,6
917758,NY,NWYRCYZN06,23
917759,NY,NWYRCYZN06,9
917760,NY,NWYRCYZN06,304
917761,NY,NWYRCYZN06,62
917762,NY,NWYRCYZN01,41
917766,NY,NWYRCYZN06,8
917772,NY,NWYRCYZN01,2
917782,NY,NWYRCYZN01,1
917784,NY,NWYRCYZN01,6
917785,NY,NWYRCYZN01,19
917786,NY,NWYRCYZN01,185
917787,NY,NWYRCYZN01,39
917788,NY,NWYRCYZN01,25
917798,NY,NWYRCYZN01,3
917799,NY,NWYRCYZN01,2
917802,NY,NWYRCYZN01,15
917812,NY,NWYRCYZN01,13
917820,NY,NWYRCYZN01,17
917823,NY,NWYRCYZN01,7
917824,NY,NWYRCYZN01,114
917840,NY,NWYRCYZN08,4
917844,NY,NWYRCYZN01,6
917845,NY,NWYRCYZN01,15
917850,NY,NWYRCYZN01,4
917851,NY,NWYRCYZN01,2
917852,NY,NWYRCYZN01,1
917857,NY,NWYRCYZN01,14
917866,NY,NWYRCYZN06,10
917867,NY,NWYRCYZN06,2
917869,NY,NWYRCYZN06,10
917871,NY,NWYRCYZN01,155
917872,NY,NWYRCYZN06,4
917874,NY,NWYRCYZN01,3
917875,NY,NWYRCYZN01,6
917876,NY,NWYRCYZN01,2
917878,NY,NWYRCYZN06,1
917879,NY,NWYRCYZN06,29
917883,NY,NWYRCYZN01,25
917884,NY,NWYRCYZN01,341
917894,NY,NWYRCYZN06,5
917895,NY,NWYRCYZN11,5
917896,NY,NWYRCYZN11,13
917897,NY,NWYRCYZN01,30
917898,NY,NWYRCYZN01,2
917899,NY,NWYRCYZN01,4227
917901,NY,NWYRCYZN01,2
917904,NY,NWYRCYZN01,11
917906,NY,NWYRCYZN01,2
917918,NY,NWYRCYZN01,9
917919,NY,NWYRCYZN01,44
917925,NY,NWYRCYZN06,10
917926,NY,NWYRCYZN01,1
917927,NY,NWYRCYZN01,9
917944,NY,NWYRCYZN01,1
917948,NY,NWYRCYZN06,13
917949,NY,NWYRCYZN06,4
917954,NY,NWYRCYZN01,15
917964,NY,NWYRCYZN06,2
917973,NY,NWYRCYZN06,0
917978,NY,NWYRCYZN01,1
917980,NY,NWYRCYZN06,25
917984,NY,NWYRCYZN06,1
917986,NY,NWYRCYZN06,1
917987,NY,NWYRCYZN06,2
917988,NY,NWYRCYZN06,8
917989,NY,NWYRCYZN06,10
917990,NY,NWYRCYZN06,2
917996,NY,NWYRCYZN01,431
918220,OK,MCALESTER,896
918643,OK,TULSA,196
918646,OK,TULSA,200
918672,OK,TULSA,71
918761,OK,TULSA,2428
918763,OK,TULSA,51
918880,OK,TULSA,2
919310,NC,RALEIGH,68
919312,NC,RALEIGH,11
919318,NC,DURHAM,5
919347,NC,CHAPELHILL,1894
919393,NC,RALEIGH,2518
919487,NC,DURHAM,95
919503,NC,RALEIGH,1
919506,NC,DURHAM,199
919507,NC,RALEIGH,48
919509,NC,RALEIGH,11
919540,NC,DURHAM,6
919565,NC,RALEIGH,44
919712,NC,RALEIGH,3
919826,NC,GOLDSBORO,1131
919982,NC,RALEIGH,79
919983,NC,RALEIGH,62
920258,WI,OSHKOSH,460
920275,WI,APPLETON,13
920440,WI,GREEN BAY,6
920616,WI,APPLETON,6
920665,WI,GREEN BAY,67
920736,WI,FONDDU LAC,1
920909,WI,APPLETON,3
925213,CA,WALNUT CRK,10
925312,CA,ANTIOCH,1
925340,CA,WALNUT CRK,13
925509,CA,BSHP RNCH,6
925920,CA,WALNUT CRK,99
931323,TN,SPRINGHILL,1
931353,TN,COLUMBIA,29
936732,TX,HUNTSVILLE,32
937201,OH,DAYTON,5
937282,OH,DAYTON,19
937330,OH,ENON,26
937334,OH,DAYTON,4368
937359,OH,DAYTON,67
937370,OH,ENON,55
937391,OH,ENON,39
937480,OH,DAYTON,66
937491,OH,ENON,18
937517,OH,NEWCARLISL,1
937628,OH,DAYTON,23
937635,OH,ENON,54
937636,OH,DAYTON,105
937940,OH,DAYTON,36
937973,OH,DAYTON,127
937978,OH,ENON,7
940722,TX,DENTON,41
941319,FL,SARASOTA,52
941333,FL,SARASOTA,2
941372,FL,SARASOTA,2
941506,FL,SARASOTA,5
941569,FL,SARASOTA,2
949602,CA,IRVINE,5
952203,MN,TWINCITIES,20
952231,MN,TWINCITIES,3623
952235,MN,TWINCITIES,9
952365,MN,TWINCITIES,27
952394,MN,TWINCITIES,11
952601,MN,TWINCITIES,4
952608,MN,TWINCITIES,3
952645,MN,TWINCITIES,1
952809,MN,TWINCITIES,1
952901,MN,TWINCITIES,9
952907,MN,TWINCITIES,6
952909,MN,TWINCITIES,2
952980,MN,TWINCITIES,4
954207,FL,FTLAUDERDL,29
954230,FL,FTLAUDERDL,1095
954244,FL,FTLAUDERDL,9
954286,FL,FTLAUDERDL,390
954307,FL,FTLAUDERDL,2
954387,FL,FTLAUDERDL,35
954402,FL,FTLAUDERDL,9
954403,FL,FTLAUDERDL,1
954413,FL,FTLAUDERDL,1
954506,FL,FTLAUDERDL,10
954521,FL,FTLAUDERDL,4
954528,FL,FTLAUDERDL,70
954679,FL,FTLAUDERDL,26
954808,FL,FTLAUDERDL,2
954810,FL,FTLAUDERDL,3
954814,FL,FTLAUDERDL,2
954855,FL,FTLAUDERDL,1
954875,FL,FTLAUDERDL,19
954877,FL,FTLAUDERDL,9
954878,FL,FTLAUDERDL,19
954879,FL,FTLAUDERDL,6
954896,FL,FTLAUDERDL,6
954897,FL,FTLAUDERDL,5
954898,FL,FTLAUDERDL,6
954992,FL,FTLAUDERDL,79
956268,TX,MCALLEN,119
956288,TX,EDINBURG,372
956344,TX,LAREDO,163
956623,TX,MCALLEN,6
956767,TX,HARLINGEN,314
956768,TX,BROWNSVL,298
972229,TX,GRANDPRARI,3722
972297,TX,GRANDPRARI,135
972319,TX,GRANDPRARI,227
972320,TX,GRANDPRARI,3
972321,TX,GRANDPRARI,1
972326,TX,IRVING,38
972328,TX,GRANDPRARI,2
972356,TX,GRANDPRARI,85
972397,TX,GRANDPRARI,3
972451,TX,GRANDPRARI,319
972500,TX,IRVING,57
972545,TX,IRVING,222
972565,TX,GRANDPRARI,0
972568,TX,MCKINNEY,1
972585,TX,IRVING,1
972592,TX,IRVING,2
972593,TX,IRVING,5
972609,TX,GRANDPRARI,9
972622,TX,GRANDPRARI,6
972667,TX,GRANDPRARI,13
972710,TX,GRANDPRARI,1
972760,TX,GRANDPRARI,33
972902,TX,GRANDPRARI,8
972909,TX,GRANDPRARI,9
972944,TX,GRANDPRARI,3
973205,NJ,NEWARK,472
973213,NJ,NEWARK,12
973231,NJ,NEWARK,1
973269,NJ,MORRISTOWN,398
973308,NJ,NEWARK,9
973469,NJ,NEWARK,15
973561,NJ,WHIPPANY,0
973603,NJ,NEWARK,4
973613,NJ,NEWARK,6
973654,NJ,PATERSON,2
973719,NJ,NEWARK,17
973730,NJ,PASSAIC,1
973806,NJ,NEWARK,2
973880,NJ,PASSAIC,307
973892,NJ,MORRISTOWN,10
973899,NJ,NEWARK,2
973918,NJ,PATERSON,4
979223,TX,BRYAN,17
979226,TX,BRYAN,107
979228,TX,BRYAN,624
979424,TX,CLTLKJCKSN,116
979723,TX,ANGLETON,2
979753,TX,BRENHAM,5
979925,TX,FREEPORT,1
985699,LA,SLIDELL,29
985743,LA,HOUMA,2
985744,LA,HAMMOND,202
985786,LA,COVINGTON,97
985890,LA,HOUMA,34
989247,MI,MIDLAND,1
989253,MI,SAGINAW,148
989452,MI,CLARE,2
989454,MI,MIDLAND,3
989562,MI,WESTBRANCH,1
989591,MI,ALPENA,225
989594,MI,GAYLORD,36
989677,MI,ALMA,1
989829,MI,OWOSSO,22